timp,eroare
0.103682288,inf
0.235456808,inf
0.353994563,inf
0.487495674,inf
0.617932379,inf
0.738325267,inf
0.869119676,inf
0.990178731,inf
1.114495373,inf
1.238211784,inf
1.354585139,inf
1.486014685,inf
1.67222046,inf
1.791495262,inf
1.922267593,inf
2.035177825,inf
2.151650127,inf
2.282708105,inf
2.417960439,inf
2.589617236,inf
2.717391762,inf
2.840369755,inf
3.07525653,inf
3.21730557,inf
3.30201305,inf
3.43251728,inf
3.538216848,inf
3.667203992,inf
3.789221474,inf
3.975405974,inf
4.095677819,inf
4.230993042,inf
4.495446395,inf
4.773472861,inf
4.86959095,inf
4.969367755,inf
5.086280414,inf
5.212626508,inf
5.368579963,inf
5.565604867,inf
5.708272057,inf
5.885292005,inf
6.039467258,inf
6.198398814,inf
6.333149524,inf
6.438325043,inf
6.578079263,inf
6.67790218,inf
6.801452674,inf
7.015154778,inf
7.118991734,inf
7.34865566,inf
7.505073843,inf
7.63770233,inf
7.774646924,inf
7.896184876,inf
8.054121902,inf
8.194747148,inf
8.345291046,inf
8.467610505,inf
8.593589235,inf
8.733335653,inf
8.84717283,inf
8.978805752,inf
9.096736314,inf
9.294019941,inf
9.418145671,inf
9.533216822,inf
9.648661207,inf
9.763633493,inf
9.876897153,inf
10.009764171,inf
10.153231278,inf
10.288267164,inf
10.398861268,inf
10.576934679,inf
10.732595704,inf
10.866425069,inf
11.019155955,inf
11.12780771,inf
11.248794577,inf
11.390619881,inf
11.509659145,inf
11.657756283,inf
11.778592761,inf
11.927105328,inf
12.032411102,inf
12.162677975,inf
12.29129834,inf
12.508153532,inf
12.838504112,inf
12.857960234,inf
13.024693986,inf
13.17785048,inf
13.366818281,inf
13.495453888,inf
13.631691882,inf
13.774539532,inf
13.911979139,inf
14.028535652,inf
14.176758466,inf
14.30623579,inf
14.441286982,inf
14.557769586,inf
14.743661627,inf
14.884446949,inf
15.024928952,inf
15.146634851,inf
15.289750766,inf
15.437815104,inf
15.59545738,inf
15.720266403,inf
15.837066793,inf
15.957890798,inf
16.074166638,inf
16.198336711,inf
16.329375366,inf
16.488034745,inf
16.638590222,inf
16.748338835,inf
16.869945776,inf
16.969904807,inf
17.162694821,inf
17.273846811,inf
17.403363166,inf
17.547289501,inf
17.656414889,inf
17.7832226,inf
17.919222722,inf
18.07641045,inf
18.191740472,inf
18.303366413,inf
18.435311424,inf
18.578508955,inf
18.740158008,inf
18.853189591,inf
18.958745029,inf
19.062906289,inf
19.19572813,inf
19.329114021,inf
19.474716166,inf
19.640222188,inf
19.754754582,inf
19.891272083,inf
20.033041487,inf
20.126796059,inf
20.250739026,inf
20.352272621,inf
20.487695226,inf
20.622002738,inf
20.766666732,inf
20.884522645,inf
21.003337087,inf
21.117375315,inf
21.237921323,inf
21.372443051,inf
21.501193226,inf
21.670089777,inf
21.784902002,inf
21.917319589,inf
22.019282276,inf
22.134737428,inf
22.261479531,inf
22.385324863,inf
22.507678785,inf
22.640317606,inf
22.755353235,inf
22.871232937,inf
23.067095467,inf
23.2755831,inf
23.439110782,inf
23.541372007,inf
23.66711726,inf
23.796383419,inf
23.934974982,inf
24.072292282,inf
24.271600037,inf
24.46934811,inf
24.636783897,inf
24.74999685,inf
24.91322592,inf
25.007938319,inf
25.164600353,inf
25.313435044,inf
25.448998945,inf
25.56358361,inf
25.715605955,inf
25.815266862,inf
25.931517143,inf
26.083833317,inf
26.215724824,inf
26.359460256,inf
26.478136461,inf
26.601514618,inf
26.718193555,inf
26.828169629,inf
26.9598339,inf
27.083556113,inf
27.200825678,inf
27.338893796,inf
27.478946597,inf
27.57816261,inf
27.700864761,inf
27.830254725,inf
27.951263883,inf
28.11860935,inf
28.229604605,inf
28.450421354,inf
28.64605502,inf
28.796593222,inf
28.962618255,inf
29.102125636,inf
29.270899842,inf
29.427720103,inf
29.574544256,inf
29.749178465,inf
29.897199011,inf
30.01924076,inf
30.135013377,inf
30.277944876,inf
30.398846916,inf
30.528517403,inf
30.68130894,inf
30.93923322,inf
31.170267714,inf
31.322255653,inf
31.493045183,inf
31.604901656,inf
31.783317073,inf
31.855246892,inf
32.056885661,inf
32.18356072,inf
32.290894823,inf
32.421472278,inf
32.612497399,inf
32.811221423,inf
33.112763339,inf
33.144500108,inf
33.307277774,inf
33.440376982,inf
33.626885252,inf
33.800170576,inf
33.917084749,inf
34.311637801,inf
34.456522549,inf
34.572817793,inf
34.731349844,inf
34.83956164,inf
35.054174004,inf
35.205636483,inf
35.338425082,inf
35.457726697,inf
35.576810721,inf
35.705336662,inf
35.824641524,inf
36.048500918,inf
36.234303413,inf
36.391242714,inf
36.496483708,inf
36.781517602,inf
37.025585164,inf
37.09454106,inf
37.298722213,inf
37.430714293,inf
37.570541689,inf
37.70257909,inf
37.897258464,inf
38.088233251,inf
38.240881987,inf
38.499661964,inf
38.562668812,inf
38.758276437,inf
38.894521635,inf
39.113960966,inf
39.328453015,inf
39.520832292,inf
39.681310257,inf
39.756292076,inf
39.943338393,inf
40.056020045,inf
40.260688539,inf
40.404933832,inf
40.521667215,inf
40.697000321,inf
40.854452908,inf
41.081223405,inf
41.286639659,inf
41.423533672,inf
41.628752523,inf
41.793789233,inf
41.930241161,inf
42.126221151,inf
42.214124798,inf
42.448692076,inf
42.565838185,inf
42.731047889,inf
42.864373285,inf
43.004436559,inf
43.113411079,inf
43.326915993,inf
43.43679771,inf
43.653413467,inf
43.826928234,inf
43.991012207,inf
44.274564838,inf
44.418033899,inf
44.762196719,inf
45.053393559,inf
45.12159964,inf
45.22801251,inf
45.429535956,inf
45.717529428,inf
45.975718032,inf
46.208248166,inf
46.350447283,inf
46.463195825,inf
46.650407508,inf
46.847153867,inf
47.088237195,inf
47.442217965,inf
47.596690496,inf
47.761310257,inf
47.88116423,inf
47.975843083,inf
48.310659195,inf
150.392651534,0.01856995820999141
150.5391851,-0.001410293579101607
150.857278406,-0.023142802715301558
150.939474954,-0.043678569793701216
151.118862481,-0.057424831390380904
151.393175216,-0.06267236471176152
151.607127102,-0.0634242177009583
151.728800631,-0.0630504965782166
151.859534847,-0.062187123298645064
152.012188434,-0.060849118232727095
152.19865831,-0.05908845663070683
152.333514065,-0.056801903247833296
152.471291875,-0.054122853279113814
152.590663584,-0.05101721286773686
152.705583198,-0.04616301059722905
152.843532852,-0.03918205499649052
152.958890954,-0.02984772920608525
153.153941876,-0.01838396787643437
153.332857746,-0.034661042690277144
153.485631675,-0.07143692970275883
153.681978214,-0.10334448814392094
153.807671483,-0.12981723546981816
154.001082302,-0.15361182689666752
154.154273386,-0.1743039965629578
154.272606567,-0.19258009195327763
154.384036199,-0.2082964658737183
154.540660032,-0.2218283295631409
154.688059745,-0.23332219123840336
154.818780206,-0.24289594888687138
154.941581179,-0.24852846860885625
155.118547843,-0.2508250951766968
155.28705053,-0.2526798725128174
155.470159988,-0.2536780118942261
155.658742505,-0.2633397459983826
155.873402196,-0.2662694334983826
156.024862851,-0.2684808254241944
156.143274754,-0.26952652931213383
156.315024962,-0.2705585837364197
156.475991765,-0.2708177447319031
156.589371799,-0.27036713361740117
156.704358004,-0.2694399237632752
156.822012801,-0.26804732084274296
156.9543916,-0.26617299318313603
157.134302064,-0.2638757109642029
157.271572028,-0.26112960577011113
157.455228532,-0.25792734622955327
157.564266775,-0.25319330692291264
157.703701109,-0.24678461551666264
157.897038528,-0.2386110901832581
158.038242648,-0.22859750986099248
158.190997156,-0.21664534807205205
158.338033714,-0.20262973308563237
158.501838945,-0.18639563322067265
158.650316467,-0.1673539757728577
158.842313542,-0.1439550399780274
158.993272691,-0.11810188293457036
159.164692382,-0.09007929563522343
159.284362608,-0.05762957334518437
159.434581704,-0.020952332019805953
159.530631881,0.020366919040679887
159.7030991,0.06482554674148555
159.878784732,0.10515446662902828
159.997084756,0.10494257211685176
160.154661833,0.09288485050201412
160.268279949,0.08114404678344722
160.567420781,0.06890733242034908
160.701130046,0.057121109962463334
160.891335927,0.04508299827575679
161.046871566,0.03274072408676143
161.160413979,0.010504734516143754
161.297645731,-0.011502373218536421
161.423088729,-0.02638940811157231
161.551635095,-0.030963706970214888
161.720059474,-0.036189365386962935
161.873289199,-0.027985918521881148
161.99285085,-0.015700268745422408
162.163348375,0.056580317020416215
162.343170622,0.1413639903068542
162.463507782,0.23820180892944331
162.582567908,0.26900167465209956
162.727251425,0.2625592470169067
162.830457156,0.24275441169738765
162.99070136,0.2225533246994018
163.094742286,0.20215411186218257
163.219981707,0.18234891891479488
163.372573478,0.1615533351898193
163.517108468,0.14135105609893794
163.700111464,0.11936588287353511
163.848664688,0.09955943822860713
163.975146772,0.077970278263092
164.100569728,0.058361721038818315
164.242768223,0.038555037975311235
164.362089253,0.01855016946792598
164.477068609,-0.0010585665702820268
164.625505533,-0.018737304210662886
164.759478166,-0.026481020450592085
164.911266923,-0.02907185554504399
165.08257951,-0.02969979047775273
165.325346505,-0.029811608791351363
165.584604717,-0.029449510574340865
165.745936011,-0.028607177734375044
165.894265804,-0.027328300476074263
166.061866451,-0.025585281848907515
166.213228393,-0.023391413688659712
166.337473174,-0.02077196836471562
166.493811139,-0.017742800712585494
166.624574938,-0.039838421344757124
166.737411413,-0.0891393899917603
166.858238844,-0.13257883787155156
167.002978104,-0.1706324696540833
167.10594196,-0.20378141403198247
167.23584399,-0.23333053588867192
167.343127687,-0.2601727724075318
167.478808916,-0.28273694515228276
167.597555209,-0.30311201810836796
167.763745182,-0.3212565958499909
167.909321706,-0.3371971428394318
168.070711719,-0.35104354023933415
168.190421294,-0.3633858144283295
168.405662313,-0.37365193963050847
168.529017053,-0.3823289752006531
168.659340716,-0.3894991755485535
168.796475204,-0.3952742993831635
168.961322833,-0.3995554327964783
169.081186665,-0.40274296998977666
169.203795835,-0.4053731441497803
169.324667351,-0.4075989902019501
169.4359107,-0.40945901274681096
169.575458359,-0.41077487468719487
169.719024637,-0.41161097884178166
169.844770258,-0.41200261116027836
170.026148375,-0.4119008660316468
170.145628912,-0.4113379001617432
170.263665467,-0.41030843853950505
170.373566558,-0.40885378718376164
170.546116794,-0.40693478584289555
170.681600898,-0.4045576333999634
170.826395924,-0.40173061490058903
170.985726045,-0.09718214273452763
171.11663791,-0.10030536651611333
171.229815271,-0.09724174737930302
171.36553884,-0.09901432991027836
171.522752571,-0.09482382535934453
171.630579311,-0.09534214735031132
171.752603139,-0.09046183824539189
171.990067702,-0.0851905226707459
172.119227943,-0.06415795087814335
172.237337168,-0.04011498689651494
172.395806028,-0.01273654699325566
172.53853998,0.018371772766113237
172.704535001,0.051898074150085405
172.926347768,0.08054805994033809
173.057959309,0.07624496221542354
173.164295168,0.06286395788192745
173.350764007,0.0487923145294189
173.489236251,0.034981262683868364
173.597350635,0.02143294811248775
173.753025064,0.007606875896453813
173.849706904,-0.00568245649337773
173.954559934,-0.017150151729583785
174.171314026,-0.0187392115592957
174.333837299,0.01112742424011226
174.445834614,0.05765278339385982
174.585113747,0.10056914091110225
174.706357068,0.10388929843902583
174.840340817,0.0919126987457275
175.00153911,0.08015139102935787
175.211198015,0.06848217248916622
175.402780369,0.05679364204406734
175.517213378,0.04508961439132686
175.635901579,0.0333731889724731
175.752177535,0.021764171123504594
175.880172089,0.010029983520507768
176.01625706,-0.0018280029296875444
176.118440051,-0.012747454643249556
176.249461229,-0.017699050903320357
176.354675258,0.01301784515380855
176.498934687,0.0723252415657043
176.657472002,0.10459036827087398
176.866684069,0.08433831930160518
176.985336451,0.06508339643478389
177.119971133,0.04620702266693111
177.287359323,0.027331304550170854
177.440111237,0.008456063270568803
177.528776546,-0.010418939590454146
177.781279017,-0.026080536842346236
177.922897753,-0.03189055919647221
178.09881979,-0.03540633916854863
178.248241421,-0.03780804872512822
178.41304917,-0.0397311925888062
178.531759071,-0.04120140075683598
178.684029588,-0.04219876527786259
178.825680918,-0.04276298284530644
178.978348133,-0.042860674858093306
179.101487102,-0.042473125457763716
179.236273192,-0.0416470050811768
179.361222955,-0.04033528566360478
179.490589139,-0.038568842411041304
179.615643265,-0.03635780811309819
179.789912912,-0.03368644714355473
179.886496494,-0.030384469032287642
180.00891803,-0.02554230690002446
180.132708156,-0.018539476394653365
180.250400247,-0.008966791629791304
180.365465084,0.003530216217040971
180.472008257,0.01477880477905269
180.599220626,0.019819867610931352
180.734787206,0.008105170726776079
180.863709701,-0.009547221660614058
180.995541297,-0.023003029823303267
181.14844722,-0.02704178094863896
181.261592401,-0.029625523090362593
181.399265723,-0.05834429264068608
181.517542208,-0.08386336565017705
181.662825304,-0.1062374591827393
181.785260517,-0.1252138495445252
181.968265241,-0.14203618764877324
182.100213856,-0.15648399591445927
182.226973554,-0.1687156438827515
182.388740936,-0.17894821166992192
182.494140894,-0.18708341121673588
182.628409674,-0.1928584456443787
182.811234723,-0.19606046676635747
182.981152922,-0.1980469107627869
183.105593523,-0.1993880152702332
183.234992417,-0.1998743295669556
183.360673722,-0.2011011123657227
183.486905926,-0.20372955799102788
183.664079546,-0.20568828582763676
183.811040569,-0.20590149164199834
184.170496273,-0.2064995646476746
184.348353793,-0.20640616416931157
184.508628573,-0.20566670894622807
184.651938291,-0.20384638309478764
184.790992996,-0.20178006887435918
184.952297772,-0.19908051490783696
185.109050183,-0.1958055973052979
185.317595512,-0.19096987247467045
185.498493867,-0.1842750191688538
185.713346389,-0.175567376613617
185.880883618,-0.16482763290405278
186.027147086,-0.15220044851303105
186.16359559,-0.13726084232330327
186.280430494,-0.11936085224151616
186.394744764,-0.09932820796966557
186.527578426,-0.07642792463302617
186.695327132,-0.05035434961318974
186.856511076,-0.020736742019653365
187.03642882,0.012875866889953569
187.165195971,0.04776443243026729
187.320108377,0.07734913825988765
187.429150176,0.073306393623352
187.571497875,0.06022245883941646
187.692673667,0.04711778163909908
187.845611372,0.03399909734725948
187.973350622,0.020606052875518754
188.100129319,0.00746597051620479
188.225498389,-0.0056819200515747514
188.413784395,-0.01675115823745732
188.831532246,-0.0190330028533936
188.987762673,0.012958717346191362
189.157826731,0.060949754714965776
189.291350532,0.06595040559768672
189.427784418,0.04762966632843013
189.588281996,0.02423394918441768
189.721327592,0.00948477983474727
189.940885104,-0.01144121885299687
190.127174239,-0.02901833057403569
190.359709444,-0.029992866516113326
190.512811028,-0.027705776691436812
190.642345121,0.019569647312164262
190.807359414,0.10196985006332393
190.937561192,0.17068077325820918
191.092626524,0.17869700193405147
191.2181879,0.17165602445602413
191.338726739,0.16434986591339107
191.479525106,0.15708388090133663
191.605658387,0.1497938752174377
192.024903656,0.14255906343460079
192.207795175,0.13494796752929683
192.32482936,0.12768621444702144
192.460489236,0.1201235175132751
192.599382972,0.11263198852539058
192.767851102,0.10499609708786006
192.968381686,0.09785850048065181
193.205261685,0.09043164253234859
193.373798991,0.0829298615455627
193.514758332,0.07550085783004756
193.696162756,0.06838626861572261
193.810441849,0.0610451221466064
193.97017589,0.05376536846160884
194.056493686,0.04646922349929805
194.173408939,0.039086771011352495
194.302517812,0.031769287586212114
194.453430955,0.024519276618957475
194.577479907,0.017115962505340532
194.778660482,0.009292733669280961
194.975046473,0.0020393252372741255
195.116763126,-0.005162346363067671
195.278524165,-0.0110947966575623
195.398113456,-0.0012396454811096635
195.535899467,0.07680077552795406
195.681728973,0.18892360925674434
195.807270177,1.2691893100738525
195.966505599,1.256037187576294
196.435318481,1.2348625183105468
196.621099278,1.214155626296997
196.801308648,1.193031620979309
197.032379554,1.1798004627227783
197.23641931,1.161931824684143
197.400310617,1.140270185470581
197.579370086,1.1194505214691162
197.778234429,1.0982110023498535
198.022777617,1.0771824836730957
198.201050804,1.0671848773956298
198.355388576,1.0460311889648437
198.506284289,1.0242435455322265
198.686331415,1.003091049194336
198.82002157,0.9819392681121826
198.936166456,0.9707777023315429
199.06593675,0.949365210533142
199.385587748,0.9997556924819946
199.61687869,0.9979916334152221
199.879549646,0.9962039709091186
200.083461653,0.994411301612854
200.236956504,0.9926051616668701
200.381553563,0.9908179759979248
200.589166207,0.9891864776611328
200.749869556,0.9850428819656372
200.936891311,0.9627040147781372
201.153566119,0.9412271499633789
201.310364936,0.9312309741973877
201.43084572,0.9295080423355102
201.552486294,0.9277137041091919
201.680503954,0.9259383201599121
201.796406349,0.9244738340377807
201.956699789,0.9227190732955932
202.091091773,0.9209599018096923
202.240068332,0.9191827297210693
202.369920555,0.9174224853515625
202.478975295,0.9156273126602172
202.622484319,0.9138148546218872
202.960371817,0.9121422290802002
203.321522192,0.9106513977050781
203.689052688,0.9089091539382934
203.917332496,0.907148790359497
204.173441842,0.9052825689315795
204.390557799,0.9035914659500122
204.636607057,0.9018482685089111
204.925423063,0.9001057863235473
205.132533779,0.8986627578735351
205.336551653,0.8969450712203979
205.560269435,0.8952009201049804
205.704259361,0.8934735774993896
205.853873771,0.8916947364807128
205.986815624,0.8899845600128173
206.123605422,0.8882413625717163
206.259317242,0.8864805221557617
206.425300056,0.8851018667221069
206.593675641,0.8833921670913696
206.777723752,0.8816983222961425
206.936455031,0.8799530982971191
207.058709194,0.8782255172729492
207.18983963,0.8765319108963012
207.336775125,0.874822449684143
207.505485095,0.8731593608856201
207.659725797,0.8713814735412597
207.810674017,0.8696875095367431
207.975602216,0.8679929494857788
208.129982238,0.8663156747817993
208.315190038,0.8646215915679931
208.458692117,0.8629283428192138
208.587620131,0.8612188816070556
208.697436896,0.8598329544067382
208.836393129,0.8581557989120483
208.943862258,0.8564778089523315
209.085833478,0.8547324657440185
209.246644731,0.8530717611312866
209.356911805,0.8513944864273071
209.526152414,0.8361567974090576
209.829926276,0.8162384748458862
210.084149516,0.7955932140350341
210.221983179,0.775749397277832
210.389921404,0.7555043220520019
210.531148119,0.7356607437133789
210.758385884,0.7156183242797851
210.963312365,0.6955744743347168
211.125842583,0.6755306243896484
211.291838259,0.6552104473114013
211.457326779,0.6351669549942016
211.651576789,0.6153259992599487
211.779086085,0.5952827453613281
211.917585568,0.5750373125076294
212.041085236,0.5549942970275878
212.165052148,0.5349514007568359
212.305598865,0.5148496150970459
212.446310643,0.49479324817657466
212.549788984,0.4747508287429809
212.801926725,0.45686383247375484
212.922845289,0.4370085716247558
213.317572083,0.41692597866058345
213.553591327,0.3962448358535766
213.837238887,0.37616438865661617
214.086731013,0.356010627746582
214.252154535,0.33593041896820064
214.405474895,0.3154488325119018
214.552859166,0.29536910057067867
214.749201955,0.2754882097244262
214.954852158,0.2554087162017822
215.224770791,0.2353293418884277
215.468452906,0.21503384113311763
215.633545749,0.19509894847869869
215.848210313,0.17716194391250606
216.037217831,0.15703858137130733
216.238238093,0.13691533803939815
216.4324329,0.11638988256454463
216.730297881,0.09647024869918819
216.935256416,0.07634760141372676
217.166259704,0.05615181922912593
217.348219207,0.036030721664428667
217.494958915,0.015705537796020463
217.650502677,-0.0022222876548767534
217.832326762,-0.019844222068786666
217.997410349,-0.028621900081634566
218.118803233,-0.030353415012359664
218.259723322,-0.027363288402557417
218.404415571,-0.026019799709320113
218.601194985,-0.021707761287689253
218.739721013,0.21878869533538814
218.868791533,0.8708768606185913
219.084820268,1.027304482460022
219.24989927,0.9996028661727905
219.363364668,0.9889450788497924
219.539405632,0.9699946165084838
219.697590899,0.9451732158660888
219.845150151,0.9206212282180786
220.016834249,0.9079689502716064
220.143083948,0.897538137435913
220.287058467,0.8868807077407836
220.391589038,0.8764184236526489
220.526626473,0.8659455299377441
220.650203423,0.8553595066070556
220.815152026,0.8447669267654419
220.956752454,0.8334346532821655
221.450439796,0.8347948312759399
221.659611184,0.8242103576660156
221.906574409,0.813517165184021
222.197351835,0.8029555797576904
222.363840012,0.7922163724899292
222.512184283,0.7819658041000366
222.663594457,0.7713748931884765
222.888189985,0.7609694719314575
223.091715357,0.7502327680587768
223.283482508,0.7396933555603027
223.449503326,0.7290395021438598
223.601567974,0.7184282064437866
224.097644261,0.7080680847167968
224.406690842,0.6976224899291992
224.847070068,0.6871423244476318
225.256638396,0.6766421318054199
225.57913358,0.6660203456878662
225.817903303,0.6554884433746337
226.115161538,0.6450500011444091
226.406101423,0.6343923330307006
226.57595098,0.6230984449386596
226.771938126,0.6125528335571289
226.901378923,0.6019770622253418
227.100674028,0.5908537626266479
227.365373422,0.5790791034698486
227.563324194,0.5684476613998413
227.735114195,0.5579096794128418
227.921090451,0.5472566604614257
228.04524023,0.5366771936416626
228.231575228,0.5261377811431884
228.370205186,0.5152533769607544
228.512454318,0.5046578168869018
228.639771913,0.4940468788146972
228.78928966,0.4835258245468139
228.927786598,0.47225506305694576
229.087094238,0.4616103887557983
229.240734513,0.45006175041198726
229.349287454,0.44015402793884273
229.516234111,0.4296936511993408
229.727405324,0.41858072280883785
229.841150588,0.40807850360870357
229.979961384,0.3975626945495605
230.114702905,0.3870360374450683
230.280044953,0.3765012741088867
230.54041472,0.3659164428710937
230.69457372,0.3554385423660278
230.827643289,0.3449853181838989
230.991503365,0.3345088481903076
231.121701151,0.3241177320480346
231.26824508,0.3135051250457763
231.393496416,0.302985143661499
231.519520425,0.292456579208374
231.654144094,0.2820255279541015
231.821841698,0.2714643001556396
232.006714463,0.2609164237976074
232.130996041,0.2504475831985473
232.279856135,0.2399600267410278
232.426673472,0.22956163883209224
232.586176362,0.2188379287719726
232.697529024,0.20821149349212642
232.834924111,0.1975757002830505
232.971266898,0.1868727326393127
233.088485781,0.17644072771072383
233.215719636,0.16587240695953365
233.365276134,0.1553909301757812
233.499272081,0.1447909593582153
233.653930958,0.13260902166366573
233.777446596,0.11283750534057613
233.947804354,0.09267253875732417
234.039206065,0.07266266345977779
234.216109896,0.05345178842544551
234.721660284,0.02983225584030147
235.032285222,0.010342490673065141
235.459510879,-0.009533691406250044
235.769097406,-0.026003885269165083
236.061238319,-0.032034444808960005
236.251168892,-0.03400264978408818
236.449513812,-0.0601401805877686
236.631889047,-0.10535107851028447
236.791746356,-0.14610742330551152
236.901258915,-0.18117206096649174
237.097269869,-0.21237461566925053
237.235671717,-0.23964356184005742
237.380048865,-0.2635257720947266
237.535851728,-0.2850589036941529
237.786139796,-0.30544539093971257
237.936824501,-0.32088055014610295
238.164369397,-0.3358549058437348
238.362611809,-0.3483368039131165
238.511407529,-0.3590765774250031
238.647420794,-0.3688441395759583
238.76733309,-0.376215535402298
238.923850787,-0.38231773972511296
239.210701751,-0.3869359076023102
239.416946048,-0.3901809930801392
239.546366729,-0.39293693304061894
239.740786088,-0.39518623352050786
239.929245963,-0.39700080752372746
240.060322344,-0.39844097495079045
240.27078959,-0.39929886460304265
240.402219028,-0.39974986314773564
240.564637857,-0.3997346937656403
240.698812646,-0.3991999506950379
240.849128271,-0.3981562733650208
241.081705456,-0.39666877985000615
241.238121253,-0.3946927964687348
241.363311102,-0.3922867357730866
241.546674384,-0.38939492702484135
241.669282048,0.04510385990142818
241.869218385,0.04712791442871089
242.074331138,0.041522216796874956
242.259378706,0.02586532831192012
242.462003009,0.00785739421844478
242.749840074,-0.011763441562652632
242.909032728,-0.02558623552322392
243.160325639,-0.02996437549591069
243.264967117,-0.02240751981735234
243.38976186,-0.009965348243713423
243.505977866,0.004818630218505815
243.630328843,0.02045584917068477
243.826414,0.030069184303283647
243.94551354,0.01934362649917598
244.074846791,0.002789807319641069
244.239183777,-0.013271677494049117
244.410617303,-0.026928710937500044
244.634079311,-0.03090499639511113
244.768565532,-0.014707612991333052
245.080739783,0.010531318187713579
245.230414571,0.031020832061767534
245.349470263,-0.0030383348464966264
245.485514745,-0.02616285085678105
245.627578505,-0.041154015064239546
245.880690812,-0.05958079099655156
246.020410887,-0.07630633115768437
246.14344022,-0.09080426692962651
246.273255038,-0.10251789093017583
246.38954992,-0.11155443191528325
246.581426725,-0.11855118274688725
246.72209369,-0.1233956098556519
246.916761892,-0.12675343751907353
247.059664028,-0.12944941520690922
247.373601194,-0.13167988061904912
247.550228655,-0.1340380191802979
247.673125721,-0.13517640829086308
247.822148998,-0.13580636978149419
247.986572352,-0.13580082654953007
248.133094499,-0.13542811870574956
248.256370078,-0.13418732881546025
248.409540615,-0.13212625980377202
248.547918525,-0.1302026987075806
248.744202792,-0.12681685686111455
248.873522848,-0.014526593685150191
249.033254888,-0.011276471614837691
249.157197749,-0.00954370498657231
249.370429425,-0.0017660140991211382
249.73125407,0.010129880905151323
249.939452572,0.023294281959533647
250.244690775,0.028792870044708208
250.518543211,0.017141532897949174
250.641441333,-0.00033252239227299363
250.921390849,-0.017139661312103316
250.9245608,-0.03094248771667485
251.280783992,-0.03560297489166264
251.386010931,-0.022331821918487593
251.782532677,-0.030951607227325484
252.035184528,-0.06386773586273198
252.25137678,-0.09561930894851689
252.691134755,-0.12073563337326054
252.747245222,-0.14079748392105107
252.932814852,-0.15826426744461064
253.193919436,-0.1732044100761414
253.435059127,-0.18678997755050664
253.530279985,-0.19794540405273442
253.703585479,-0.2066357016563416
253.891184121,-0.2134035706520081
254.160281925,-0.21835361719131474
254.321542616,-0.22157566547393803
254.658224085,-0.2244821667671204
254.810288752,-0.22688745260238652
255.040096245,-0.22866522073745732
255.581448948,-0.23000191450119023
255.635334879,-0.23087035417556767
255.865239489,-0.2311822652816773
256.021956764,-0.23095743656158452
256.201688403,-0.23028163909912114
256.389503546,-0.22909866571426396
256.559674825,-0.2274445772171021
256.768903099,-0.22535424232482915
256.970282284,-0.22236721515655522
257.129546768,-0.21936767101287846
257.407546728,-0.21513741016387944
257.547439658,-0.20914398431777959
257.734743995,-0.20121889114379887
257.897685989,-0.19132744073867802
257.976142992,-0.1795467615127564
258.157281274,-0.15403978824615483
258.380972468,-0.13585202693939213
258.529734259,-0.11584465503692631
258.655567822,-0.09377603530883794
258.908964898,-0.06836907863616948
259.097957076,-0.0394717931747437
259.286180231,-0.006983685493469283
259.478670002,0.029886376857757524
259.669633331,0.06991989612579341
259.796675863,0.09987903833389278
260.145759354,0.09247590303421016
260.213669354,0.07971448898315425
260.382878061,0.06718100309371944
260.531080039,0.054247272014617876
260.725167395,0.04155112504959102
260.879971332,0.028842341899871782
261.057555293,0.01586903333663936
261.196385812,0.002250862121581987
261.458580014,-0.010355460643768355
261.595300678,-0.02313112020492558
261.70717133,-0.031154382228851363
261.885059226,-0.012733030319213912
262.087188338,0.03730113506317134
262.358999531,0.07379926443099971
262.525405003,0.056130719184875444
262.754641224,0.03717972040176387
262.845672466,0.018330287933349565
263.220318118,-0.000706720352172896
263.4024932,-0.017236518859863326
263.871522757,-0.025171267986297652
264.08302526,-0.029029893875122115
264.222993904,-0.03152112960815434
264.397962816,-0.03358458280563359
264.575543318,-0.03471075296401982
264.781810811,-0.06557904481887822
264.941515833,-0.13180773258209233
265.186449402,-0.13501660823822026
265.388384202,-0.13777612447738652
265.540653625,-0.1378851413726807
265.68612239,-0.14040659666061406
265.832489013,-0.13836650848388676
265.968275631,-0.13971679210662846
266.171750389,-0.13914554119110112
266.363830328,-0.1366530537605286
266.515613845,-0.13573311567306523
266.690104419,-0.16909478902816777
266.905387139,-0.2036672711372376
267.223674454,-0.23404150009155278
267.516063461,-0.26019268035888676
267.678577396,-0.2849515557289124
267.774474444,-0.30562077760696416
268.062906509,-0.3236229002475739
268.282784646,-0.3391167998313904
268.486104159,-0.3527894496917725
268.679412981,-0.36473624706268315
268.910977095,-0.37485088706016545
269.018489405,-0.38328825235366826
269.202668625,-0.39029740095138554
269.526478091,-0.39584233164787297
269.714654079,-0.3999379754066468
269.85940704,-0.40298085212707524
270.047271349,-0.4056740283966065
270.22273646,-0.4078148782253266
270.434323463,-0.4094785928726197
270.716059933,-0.41073932051658635
270.83157787,-0.41150351166725163
271.059412436,-0.4118135452270508
271.262319159,-0.4116476356983185
271.473347072,-0.41098730564117436
271.588287184,-0.40986810922622685
271.814947017,-0.40820275545120244
271.936626992,-0.40612753033638005
272.135249013,-0.40364758968353276
272.289493371,-0.40054156184196477
272.533789263,-0.3965482294559479
272.93423347,-0.3910737216472626
273.292200062,-0.38433654904365544
273.522599915,0.062467646598815874
273.749680589,0.07525522708892818
273.8634457,0.08003301620483394
274.185692238,0.06781561374664302
274.344361546,0.050470602512359575
274.542816797,0.03330231904983516
274.735106764,0.016310703754425004
274.886961142,-0.0005057930946350542
275.056490938,-0.014765548706054732
275.279378964,-0.018722820281982466
275.380369123,-0.0048750519752502885
275.521448332,0.017118406295776323
275.679037032,0.03866178989410396
275.895399571,0.05366815328598018
276.104364913,0.0460612297058105
276.281828721,0.03019042015075679
276.418831383,0.014475595951080278
276.680472517,-0.0007774710655212846
276.846625129,-0.013542401790618941
277.048217446,-0.017260181903839156
277.202992562,0.004148018360137895
277.373447811,0.03556926250457759
277.541624277,0.01369632482528682
277.689789504,-0.007326292991638228
278.225724823,-0.028168964385986373
278.374985734,-0.03865491151809697
278.620937161,-0.05214028358459477
278.757372227,-0.06769542694091801
278.954388825,-0.0811025977134705
279.065136493,-0.09240387678146367
279.256761359,-0.1009232878684998
279.381826251,-0.10738776922225957
279.515480138,-0.11194484233856206
280.135363421,-0.11489521265029912
280.52355224,-0.11739020347595219
280.951774604,-0.11947600841522221
281.354268955,-0.12125037908554082
281.59494835,-0.1223780989646912
281.779042425,-0.12312512397766118
281.930283485,-0.12323223352432255
282.228981018,-0.12285547256469731
282.402254074,-0.12181566953659062
282.630292503,-0.12047039270401005
282.724647031,-0.11864660978317265
282.925626695,-0.1163918256759644
283.084291885,-0.11357526779174809
283.307787218,0.00812442302703853
283.673586795,0.010455977916717485
283.706241155,0.0028671145439147505
283.825086556,-0.009922492504119917
283.995245608,-0.027369487285614058
284.145619187,-0.034598577022552535
284.306092286,-0.028595137596130416
284.573357983,-0.013628351688385054
284.75765449,0.003954720497131303
284.949960871,0.024482917785644487
285.117218338,0.030736339092254594
285.344286964,0.017484498023986772
285.591054255,0.0012416362762450728
285.717927671,-0.014531719684600874
286.067600949,-0.02795927524566655
286.236217887,-0.032743978500366255
286.539229313,-0.04221855401992802
286.762524038,-0.08508687019348149
286.869080436,-0.10684286355972294
287.01298491,-0.12622605562210087
287.210764262,-0.14269303083419804
287.41608704,-0.15723996162414555
287.655722278,-0.16927527189254765
287.848837377,-0.1795891404151917
288.056303826,-0.18748902082443242
288.315635012,-0.19348441362380986
288.616158091,-0.19835077524185185
288.964079643,-0.20132862329483037
289.189148024,-0.2041557908058167
289.398684098,-0.20612602233886723
289.593103436,-0.2075517058372498
289.705900677,-0.2085072278976441
289.872167825,-0.2089712500572205
290.166086229,-0.20896922349929814
290.711262463,-0.20842711925506596
290.877696147,-0.2074018001556397
291.469358779,-0.20588963031768803
291.681402988,-0.2039791822433472
291.761029283,-0.2015811681747437
291.830414098,-0.1987839818000794
292.011592783,-0.19534914493560795
292.204990032,-0.18986688852310185
292.482892048,-0.18187241554260258
292.6210688,-0.17264245748519902
292.752128309,-0.16138784885406499
292.911475818,-0.14799367189407353
293.048077986,-0.12040256261825566
293.172706092,-0.10179411172866826
293.308489732,-0.0806322574615479
293.458576643,-0.05647312402725224
293.58993307,-0.029282438755035445
293.728504013,0.002220642566680864
293.911264121,0.03643072843551631
294.050766566,0.06910420656204219
294.186612927,0.07282568216323848
294.333380727,0.059526515007019
294.552724516,0.04623980522155757
294.750440352,0.032935154438018754
295.016190031,0.01961584091186519
295.195786178,0.006284725666046098
295.330008666,-0.00785671472549443
295.484690893,-0.01843206882476811
295.732635953,-0.016252684593200728
295.857304953,0.019809079170227006
296.046103119,0.06684256792068477
296.247944768,0.10904957056045528
296.385007176,0.10816211700439449
296.551405378,0.09683270454406734
296.728615254,0.08534766435623165
296.830252632,0.07394863367080684
297.031638551,0.06252826452255245
297.212323517,0.05109126567840572
297.400183943,0.03537703752517696
297.633083981,0.017170202732086137
297.836611066,-0.00122003555297856
297.959968815,-0.017129230499267623
298.098551123,-0.024804341793060347
298.232012668,-0.029775369167327925
298.367698251,-0.033222424983978316
298.576768057,-0.03598766326904301
298.692252263,-0.03833590745925908
298.846038306,-0.03989462852478032
298.990964475,-0.041203427314758345
299.153369151,-0.12416129112243657
299.330264274,-0.13797365427017216
299.463098324,-0.13795744180679326
299.58223193,-0.1417460918426514
299.765016943,-0.14251421689987187
299.901966061,-0.142857837677002
300.029941151,-0.14289324283599858
300.176910367,-0.14348428249359135
300.359470379,-0.1403943777084351
300.497809001,-0.13998125791549687
300.649405288,-0.14759986400604252
300.761068105,-0.1835697174072266
300.94057792,-0.2146104454994202
301.060672461,-0.24253975152969365
301.203472979,-0.2691979289054871
301.359621397,-0.2916629791259766
301.52781699,-0.3111415088176728
301.707885604,-0.32708914875984196
301.809676402,-0.34146075248718266
301.977314462,-0.3541346371173859
302.11650205,-0.3647639334201813
302.263970454,-0.3735618174076081
302.50336743,-0.3810334980487824
302.635075552,-0.38697074651718144
302.826482376,-0.39130880236625676
302.999361834,-0.3945830941200257
303.14494783,-0.3972516238689423
303.289330114,-0.39943422675132756
303.459649557,-0.40118493437767033
303.662699942,-0.4024921238422394
303.82472096,-0.4033040583133698
303.937700132,-0.403699803352356
304.12190635,-0.4036155819892884
304.423949779,-0.40304108262062077
304.711019407,-0.40199680924415593
305.094292199,-0.4004949808120728
305.384665433,-0.3985757112503052
305.590578827,-0.39616863727569585
305.946118341,-0.3929268598556519
306.254456036,-0.38932590484619145
306.439453871,-0.38435586094856267
306.618239844,-0.3779359936714173
306.782480704,-0.36993103027343754
306.931144824,0.08180017471313472
307.3122836,0.0952286839485168
307.462379956,0.10016108751296993
307.638009814,0.08770115375518794
307.752651299,0.07106561660766597
307.98640562,0.0546059131622314
308.154438818,0.037822496891021684
308.326733902,0.021212649345397905
308.490519843,0.0046090602874755415
308.793170305,-0.011989223957061812
308.966298024,-0.025709140300750777
309.146941792,-0.03051315546035771
309.331501558,-0.01717023849487309
309.471547423,0.005505573749542192
309.569070043,0.029352557659149126
309.694234263,0.04936016798019405
309.820623256,0.04600329399108882
309.983232048,0.030135643482208208
310.12320651,0.015325736999511674
310.261967408,0.00021893978118892043
310.515896615,-0.015184867382049605
310.74546726,-0.02629034519195561
310.896585814,-0.02382760047912602
311.174242341,0.004497241973876909
311.399314552,-0.012790966033935591
311.551918774,-0.04099159240722661
311.705233006,-0.05793033838272099
311.864375247,-0.07137213945388798
311.96847662,-0.08150242567062382
312.137381878,-0.08973758220672612
312.294290074,-0.09580539464950566
312.429681207,-0.09986858367919926
312.549207659,-0.10274873971939091
312.673709926,-0.1053289651870728
312.800925825,-0.10736714601516728
312.957754906,-0.10886578559875493
313.128261983,-0.1098998069763184
313.270281098,-0.11051337718963627
313.424260464,-0.11065607070922856
313.601256387,-0.11024110317230229
313.760222504,-0.10936682224273686
314.040093826,-0.10798453092575078
314.235915647,-0.10621618032455449
314.405027043,-0.10386739969253544
314.500912918,-0.1010061383247376
314.649841715,0.020884048938751176
314.898546812,0.01919014453887935
315.111466452,0.009837341308593706
315.218433389,-0.002998161315918013
315.368930414,-0.018913972377777144
315.598362201,-0.0247625589370728
315.814905721,-0.016924667358398482
316.119176285,-0.0015812993049622026
316.247126418,0.016032707691192583
316.386319358,0.0342196941375732
316.576061677,0.04618192911148067
316.785481477,0.025831651687622026
316.927409572,0.011071991920471147
317.044398692,-0.003979730606079146
317.147602525,-0.016929793357849166
317.3006674,-0.02428268194198613
317.473370602,-0.04538397789001469
317.612155291,-0.07236485481262211
317.847773661,-0.09968404769897465
318.048050408,-0.1200926780700684
318.188986736,-0.13821880817413335
318.441643248,-0.15384774208068852
318.643720986,-0.16691081523895268
318.757408876,-0.1779840469360352
318.942509668,-0.18711762428283696
319.098664326,-0.19421439170837407
319.313398456,-0.1993937969207764
319.457899311,-0.20307039022445683
319.667366518,-0.20589469671249394
319.940289889,-0.20819168090820317
320.137071524,-0.21008293628692631
320.259016794,-0.21157913208007817
320.417466652,-0.21252201795578007
320.57282553,-0.21300088167190556
320.779935547,-0.21300219297409062
320.958290803,-0.21262274980545048
321.091243434,-0.2117262959480286
321.318402371,-0.21034895181655888
321.571211826,-0.20851634740829472
321.687501205,-0.20628468990325932
321.818990732,-0.2034671783447266
322.005546213,-0.20039211511611943
322.209428188,-0.19574807882308964
322.343605251,-0.18918584585189824
322.548426839,-0.18078254461288457
322.812141994,-0.170296061038971
323.00379024,-0.15782581567764287
323.193878419,-0.1316544890403748
323.473854003,-0.11383764743804936
323.662438771,-0.09388540983200078
323.820887458,-0.07130973339080815
324.017525359,-0.04535179138183598
324.193159477,-0.015544462203979537
324.425193115,0.020475578308105424
324.587017309,0.05809540748596187
324.759331281,0.09390748739242549
324.892127911,0.09982193708419795
325.034412005,0.0860225677490234
325.220570267,0.07298464775085445
325.385226918,0.05992479324340816
325.60248639,0.046976995468139604
325.782535393,0.033756029605865434
325.895643681,0.020653378963470415
326.058237889,0.007671546936035112
326.229338734,-0.005187439918518111
326.523896445,-0.01604150533676152
326.743246719,-0.01618193387985234
326.872688444,0.019465517997741655
327.068272327,0.06984127759933467
327.238535094,0.10679597854614253
327.373984192,0.08721728324890132
327.505419987,0.06862409114837642
327.628660002,0.05003334283828731
327.804522738,0.03107221126556392
327.970980876,0.012483966350555376
328.102661248,-0.00610362291336064
328.198732339,-0.0222639918327332
328.424179473,-0.029494154453277632
328.585246319,-0.0338495254516602
328.715960134,-0.03678481578826909
328.85453387,-0.03911023139953618
328.976334764,-0.04102270603179936
329.115742753,-0.04200642108917241
329.236088221,-0.10812120437622075
329.385448437,-0.13902603387832646
329.53353446,-0.1435304164886475
329.633992112,-0.1431307673454285
329.833266187,-0.14622550010681157
329.967694358,-0.14483599662780766
330.09910202,-0.14671121835708623
330.287726379,-0.1456695675849915
330.418566979,-0.14565544128417973
330.598193005,-0.14223788976669316
330.852712522,-0.14545487165451054
330.981375918,-0.18233995437622075
331.151787137,-0.2147422313690186
331.38146994,-0.24356989860534672
331.547549577,-0.2685333371162415
331.715416101,-0.2908203482627869
331.834678278,-0.3103051066398621
331.986274978,-0.32748349308967595
332.166150178,-0.34313263297081
332.372174566,-0.3563512742519379
332.466905497,-0.36777513027191167
332.640302393,-0.37778522372245793
332.827978916,-0.3857571959495545
333.061352651,-0.3929256975650788
333.331668803,-0.39791499376297
333.569122257,-0.4016975045204163
333.790563648,-0.40469391942024235
333.939600844,-0.40710808634758
334.149982069,-0.4090900301933289
334.268483594,-0.4106377542018891
334.521980177,-0.4117159426212311
334.600410611,-0.41233347654342656
334.799831959,-0.4124529838562012
334.984556845,-0.4121607422828675
335.145984847,-0.4113466918468476
335.41410206,-0.40987126827239995
335.554803538,-0.4080304086208344
335.702524814,-0.4056928634643555
335.994447129,-0.40295972228050236
336.144306023,-0.3995202958583832
336.329734389,-0.3951197147369385
336.51341106,-0.389352160692215
336.582074137,-0.3822250843048096
336.756446644,0.06788213253021236
336.90396308,0.08146519660949703
337.013324467,0.09087909460067745
337.162062148,0.08331383466720577
337.292199495,0.06669588088989253
337.448313478,0.05006642341613765
337.587311107,0.033113729953765825
337.828713675,0.01633508205413814
338.123988123,-0.00010489225387577683
338.363367085,-0.013615357875824019
338.546443185,-0.017574298381805464
338.78010479,-0.0026687860488892046
338.940684633,0.020262610912322954
339.183235844,0.043980848789215043
339.364518342,0.06148959398269649
339.604525373,0.05526829957962032
339.75880653,0.04012353420257564
340.056366424,0.024981033802032426
340.221544789,0.009841215610504106
340.543620428,-0.004996526241302535
340.829105303,-0.018267798423767134
340.978109658,-0.022360014915466353
341.16755338,-0.001704025268554732
341.380373628,0.013029944896697954
341.532435145,-0.00936357975006108
341.696732221,-0.0280548214912415
341.861577099,-0.0424666285514832
342.305493901,-0.05668698549270634
342.445424555,-0.06561886072158818
342.77760176,-0.07245187759399419
342.915850332,-0.07717864513397221
343.054476336,-0.08023439645767216
343.197383493,-0.08289097547531132
343.406466567,-0.08514492511749272
343.740553387,-0.08683906793594365
343.870572671,-0.08808015584945683
344.051819534,-0.08887391090393071
344.211514626,-0.08919458389282231
344.361922738,-0.08899621963500981
344.549340915,-0.08822374343872075
344.759122274,-0.08705149888992314
344.905299175,-0.08533428907394414
345.012177216,-0.08293716907501225
345.141617394,-0.08027683496475224
345.255361933,0.03924925327301021
345.393786462,0.0366843461990356
345.507077184,0.027879071235656694
345.695148259,0.011055243015289262
345.843519173,-0.006722617149353072
346.010647584,-0.021592247486114546
346.163609996,-0.027406740188598677
346.303786408,-0.020360457897186324
346.509173767,-0.005518901348114058
346.671737654,0.010910999774932817
346.851421692,0.028601062297821
346.984309961,0.0365007638931274
347.121685739,0.013330948352813676
347.301223357,-0.001237440109252974
347.501033121,-0.014397788047790572
347.636429771,-0.021792399883270308
347.837181222,-0.044373619556427046
348.000794645,-0.07294397354125981
348.235857502,-0.09804801940917973
348.466901407,-0.11984680891036992
348.679772644,-0.1406475186347962
348.884826952,-0.1570659160614014
348.977996086,-0.17086600065231328
349.21125638,-0.18264781236648564
349.338244216,-0.19229613542556767
349.564613761,-0.2002417922019959
349.691879646,-0.20613687038421635
349.865377445,-0.21020494699478154
350.052988767,-0.21335219144821171
350.189735707,-0.21589063405990605
350.405334665,-0.2179494976997376
350.609985795,-0.21953480243682866
350.880378969,-0.22068016529083256
351.201466059,-0.22131817340850835
351.336511135,-0.22148482799530034
351.463142865,-0.22120027542114262
351.567520023,-0.22048603296279912
351.707453745,-0.21931909322738652
351.868697274,-0.21763514280319218
352.180241355,-0.2154792428016663
352.421370452,-0.21287076473236088
352.597469324,-0.20986174345016484
352.744965799,-0.20572196245193486
352.969836084,-0.19966470003128056
353.172903421,-0.191583263874054
353.356098454,-0.18177251815795903
353.644884812,-0.16954259872436528
353.853378073,-0.1441502451896668
354.014406756,-0.1274452686309815
354.216372223,-0.10753362178802495
354.387812044,-0.08460967540740971
354.562298114,-0.059424626827240035
354.780690983,-0.031106162071228072
354.969001334,0.0016817569732665572
355.17749689,0.03711069822311397
355.407889489,0.06895084381103511
355.569918777,0.07060195207595821
355.782087761,0.05748404264450069
355.933553697,0.04384161233901973
356.049326914,0.03083623647689815
356.226742844,0.017421257495880083
356.338906887,0.004388701915740922
356.561345903,-0.008917021751403853
356.70524163,-0.021163332462310835
356.832568142,-0.026453006267547652
356.997599472,-0.001896131038665816
357.324353987,0.04791404008865352
357.43901403,0.10320283174514766
357.763519595,0.1269594550132751
358.017619151,0.10849143266677852
358.392210051,0.08950771093368526
358.615389712,0.0703648447990417
358.866411035,0.0503676056861877
359.326015923,0.031244885921478227
359.497295385,0.012122941017150834
359.737607287,-0.007372963428497359
359.898495739,-0.02471690177917485
360.048650938,-0.0334905862808228
360.176465477,-0.037691044807434126
360.360827552,-0.039965915679931685
360.795300191,-0.04228727817535405
361.101517447,-0.043056714534759566
361.294808232,-0.1417972326278687
361.67256693,-0.14239178895950322
361.828267013,-0.14662038087844853
361.968054416,-0.14613591432571416
362.188806685,-0.14884399175643925
362.518980575,-0.14969073534011845
362.701261771,-0.15034424066543584
362.879480707,-0.14796380996704106
363.054004953,-0.1475338220596314
363.356698097,-0.14360003471374516
363.582803057,-0.1728570938110352
363.772849589,-0.20965658426284794
363.969885618,-0.24007164239883427
364.229538186,-0.2678711295127869
364.518260441,-0.29120390415191655
364.520667104,-0.3120029151439667
364.760241553,-0.3336442291736603
364.921341173,-0.34902583360672
365.155819899,-0.3624822080135346
365.337303072,-0.37448658347129826
365.578274682,-0.38465236425399785
365.764966197,-0.3930552780628205
366.001001037,-0.40011288523674016
366.251302299,-0.40613116621971135
366.379244567,-0.41052912473678593
366.616695231,-0.4136589348316193
366.78295527,-0.4161158382892609
366.966099687,-0.41816981434822087
367.216193887,-0.41983403563499455
367.468744842,-0.4215952038764954
367.71337837,-0.4217332482337952
367.861613497,-0.4214167475700379
367.974357359,-0.4205859780311585
368.198894385,-0.41929219961166386
368.355887159,-0.4175349652767182
368.627546023,-0.4153168678283692
368.89797586,-0.4125537753105164
369.092817747,-0.40947692394256596
369.266751883,-0.4052525937557221
369.427299637,-0.3994403958320618
369.626732943,-0.3925444066524506
369.879571178,0.05582005977630611
370.161460393,0.06798828840255733
370.381266167,0.0734011054039001
370.5141316,0.06291724443435665
370.720312605,0.04597581624984737
370.958075886,0.029206466674804643
371.128356762,0.012613725662231401
371.402557011,-0.004976320266723677
371.760941873,-0.016932773590087935
371.920636063,-0.018025207519531294
372.203982755,0.0006229996681212935
372.32653942,0.021119964122772172
372.502415058,0.035503518581390336
372.724167036,0.028774571418762163
372.96822,0.012393546104431108
373.176274116,-0.0033641338348389116
373.355708779,-0.020722377300262496
373.41656101,-0.026132035255432173
373.534567442,-0.009219753742218062
373.832687774,0.021820437908172563
373.95868455,0.056458127498626665
374.198256723,0.029390227794647172
374.576890555,0.007387769222259477
374.981707578,-0.009747016429901167
375.268671621,-0.022817897796630904
375.477444006,-0.03045676946640019
375.693438,-0.04479037523269658
375.855052389,-0.058406698703765914
376.147207971,-0.06965600252151494
376.329354276,-0.07872753143310551
376.460227239,-0.0855889201164246
376.705574309,-0.09029279947280888
376.893367698,-0.09337280988693242
376.96494953,-0.0959600687026978
377.373679623,-0.09817086458206181
377.554387647,-0.10009669065475468
377.848308884,-0.10133217573165898
377.996847854,-0.10203479528427128
378.133641744,-0.10230629444122319
378.305462522,-0.10208534002304082
378.459455643,-0.1014042973518372
378.584205336,-0.10024302005767827
378.835686901,-0.0986754179000855
378.908070186,-0.09660558700561528
379.051539379,-0.0938543558120728
379.210443602,0.027512204647064165
379.424148657,0.027441990375518754
379.603311691,0.018410694599151567
379.949017972,0.003276300430297807
380.130933875,-0.014590311050415083
380.21474459,-0.03169064521789555
380.430645347,-0.04226278066635136
380.509083904,-0.042063462734222457
380.626756199,-0.02996902465820317
380.794850161,-0.014474081993103072
381.138164849,0.003551673889160112
381.298762275,0.02254761457443233
381.40347124,0.02413232326507564
381.537602482,0.003292632102966264
381.691847117,-0.011571991443634078
381.907683111,-0.023620235919952437
382.107427962,-0.031767296791076705
382.327490451,-0.05569456815719609
382.492695423,-0.08156161308288579
382.697738449,-0.10406898260116582
382.876594901,-0.12451570034027104
383.133406267,-0.1423608541488648
383.348821667,-0.1569402098655701
383.518809693,-0.1695566058158875
383.674456269,-0.18003510236740117
383.983063636,-0.18876962661743169
384.065769759,-0.19576601982116704
384.29745074,-0.20001440048217778
384.565643628,-0.20303725004196171
384.672190896,-0.20568667650222783
384.88688587,-0.2078055620193482
385.072110279,-0.20945822000503544
385.170089124,-0.21065609455108647
385.333828181,-0.2114260077476502
385.526251122,-0.2117023348808289
385.686354655,-0.21150629520416264
385.840341603,-0.21088414192199711
386.072513858,-0.20979194641113286
386.24472343,-0.20823405981063847
386.438543841,-0.20614658594131474
386.631577834,-0.2035837054252625
386.73978047,-0.2006806612014771
386.916440302,-0.19539396762847905
387.085120323,-0.18889330625534062
387.221348956,-0.18030827045440678
387.367736063,-0.16942911148071294
387.478020645,-0.15648167133331303
387.68065229,-0.1307878971099854
387.839624961,-0.11359988451004033
388.094812343,-0.09337823390960698
388.291362173,-0.06993411779403691
388.54477532,-0.043127346038818404
389.247072954,-0.0008872032165527788
389.250640778,0.04555178880691524
389.416744125,0.08675016164779659
389.547858395,0.13313550949096675
389.69043477,0.17966241836547847
389.817520393,0.1912943840026855
389.975877646,0.17932553291320796
390.085555569,0.16730738878250118
390.259455689,0.1553776383399963
390.436159963,0.14342404603958125
390.648348124,0.13133187294006343
390.830530458,0.11826522350311275
390.971807717,0.10602558851242061
391.142240871,0.09401710033416744
391.264644671,0.08200175762176509
391.414823327,0.06998099088668819
391.527856597,0.057715547084808305
391.794298366,0.045446705818176225
391.977854706,0.03329558372497554
392.188840201,0.018976342678070024
392.264868593,0.007062149047851518
392.522344879,-0.004973578453064009
392.739207802,-0.018857586383819624
392.981684993,-0.02575861215591435
393.163546459,-0.03212873935699467
393.433883145,-0.0367910742759705
393.590133277,-0.03979866504669194
393.73041389,-0.042098152637481734
393.941817366,-0.04412041902542119
394.162557557,-0.04505633115768437
394.272063942,-0.11526565551757817
394.427624702,-0.14598922729492192
394.545656218,-0.145806896686554
394.771110729,-0.14920239448547368
394.948888154,-0.15200911760330205
395.219068013,-0.15135024785995488
395.574399956,-0.15177081823349003
395.697403636,-0.15004240274429326
395.891675391,-0.14991359710693364
396.032325399,-0.14616261720657353
396.200571793,-0.16115849018096928
396.411323723,-0.19750254154205327
396.561607287,-0.22854142189025883
396.693830411,-0.255697774887085
396.891105562,-0.2804232716560364
397.108259759,-0.30183495879173283
397.306069004,-0.32092751860618596
397.604672147,-0.33835722804069523
397.915071397,-0.3547549426555634
398.126644568,-0.367278265953064
398.446566279,-0.37972016930580144
398.719480312,-0.38894249796867375
398.852647777,-0.3961962938308716
399.032472102,-0.40209625959396367
399.221451801,-0.4066551804542542
399.392253269,-0.40989496111869816
399.569212421,-0.4127342879772187
399.749233977,-0.41499580740928654
399.950572203,-0.41677739024162297
400.164691405,-0.4180743575096131
400.418295769,-0.4190966069698334
400.910021324,-0.4193642914295197
401.370634402,-0.41909532546997075
401.531785293,-0.41831665039062504
401.663203525,-0.4171023845672608
401.801625578,-0.4154258251190186
401.918712953,-0.4132270991802216
402.154355633,-0.4106316447257996
402.46533129,-0.40741972923278813
402.640624204,-0.4031287014484406
402.804451615,-0.39769472479820256
403.117511661,-0.3887703597545624
403.370772709,0.0607515692710876
403.589750296,0.07447547912597652
403.886640512,0.08106954097747798
404.142060479,0.06686825752258296
404.561361675,0.05020983219146724
404.662271161,0.03322775363922115
404.780667205,0.016253542900085405
405.022260827,-0.0022107243537903276
405.099103422,-0.01927362680435185
405.231867165,-0.030545699596405074
405.522953486,-0.02999060153961186
405.655307809,-0.011621761322021529
405.834328169,0.012641739845275834
406.027120117,0.03848232030868526
406.390226808,0.059246194362640336
406.727120705,0.04928238391876216
406.939711921,0.034435164928436235
407.150626531,0.019440841674804643
407.329974034,0.004596722126007036
407.599745903,-0.011284875869751021
407.804259908,-0.024604845046997115
407.981644816,-0.029731678962707564
408.140077626,-0.011190462112426802
408.299684184,0.0030855059623717818
408.472866548,-0.01995472908020024
408.657624691,-0.041357684135437056
408.814613858,-0.055459666252136275
408.993067916,-0.066799807548523
409.146756059,-0.07629595994949345
409.276376503,-0.08292238712310795
409.455251872,-0.08743290901184086
409.588688988,-0.090428638458252
409.736149811,-0.09304236173629765
409.836251127,-0.09517042636871342
410.071536352,-0.09697734117507939
410.172184524,-0.09815238714218144
410.300256633,-0.0989161610603333
410.413324406,-0.09920208454132085
410.535344457,-0.09901409149169926
410.684828944,-0.09836136102676396
410.847462967,-0.09728198051452641
410.987393282,-0.0957038283348084
411.122102335,-0.09361879825592045
411.267430917,-0.09085582494735722
411.465377416,0.02956522703170772
411.647944337,0.030582797527313188
411.838776334,0.01974762678146358
412.133602994,0.003379893302917436
412.309832556,-0.016731011867523238
412.455157795,-0.03170292377471928
412.664136249,-0.03797380924224858
412.766358315,-0.03157018423080449
